/large/mkk0lurmliru,293a856325c1944a,104857600,0/0
/large/pve1ro4wkjz4,2f4217b581709220,104857600,0/0
/large/2rqkplbgxhsk,50f872159a38454,104857600,0/0
/large/6vmie1ccuwwy,c9079b2c089ce22,104857600,0/0
/large/lv18fibt8agt,27ef030be4630ffd,104857600,0/0
/large/q3i4boh0lqts,2fab79cb22069f10,104857600,0/0
/large/ux42za2ynsoz,387a8bdc0e28fb03,104857600,0/0
/large/w1zp2p05sup7,3a8d863c244ebf6b,104857600,0/0
/large/oyqiejp6qody,2d99f156be7677f6,104857600,0/0
/large/rbv10kupeqtx,31eba96364a4b055,104857600,0/0
/large/vry9ibiserhh,3a0b1d5c490ed6a5,104857600,0/0
/large/ssuks7rqem57,349bee58a8887d9b,104857600,0/0
/large/41fi330j9bhd,7610a2745838561,104857600,0/0
/large/vdjp6chjkbyz,395002711bf9909b,104857600,0/0
/large/5aapmpzg077,44a97361080c03,104857600,0/0
/large/s4isx2fo5s83,335ff0a351833223,104857600,0/0
/large/a7nw0uzfbudn,12a7afdb205d298b,104857600,0/0
/large/sl4zyc82gqpw,3437c6e5eb508d44,104857600,0/0
/large/gmij0ywe8aka,1e5e46f8d1dc557a,104857600,0/0
/large/nj6ok3tka3jg,2afc55abf206886c,104857600,0/0
/large/kqjsoimbd0j7,25e1261b4a1a66f3,104857600,0/0
/large/qdokwboq9ik7,302fb3181ce23037,104857600,0/0
/large/hm499ppkn6e4,202cbe06351ce81c,104857600,0/0
/large/9ox5l961lz8h,11b43bd67d64eea1,104857600,0/0
/large/jai55zqktgzc,233d1c0e196da738,104857600,0/0
/large/qw8kxzhlqps1,3120b932d5eb8e01,104857600,0/0
/large/h0tnctkay1i1,1f1823b984682619,104857600,0/0
/large/bp3fqtfplhhu,155dba961161f0d2,104857600,0/0
/large/y5uwyugw4r5j,3e66fc283ef22277,104857600,0/0
/large/7d2dllfz1pcq,d7304aa109e659a,104857600,0/0
/large/eumgbb2skvfa,1b20610dbd5c3016,104857600,0/0
/large/n63zt1aonmq1,2a528116eadda2c9,104857600,0/0
/large/xtvucs0et2gj,3dcb72bd82d63fb3,104857600,0/0
/large/rhlxbjshu6pw,3236502219930e84,104857600,0/0
/large/8f3wowvuyvik,f6129c651078e0c,104857600,0/0
/large/67om0penfma2,b597d96105c1d8a,104857600,0/0
/large/hm2gajusvz60,202c174ed4d847c8,104857600,0/0
/large/bf4d14egzp6o,14dc2b6c998ff240,104857600,0/0
/large/9zs4775p2nda,12414c40cb38ffce,104857600,0/0
/large/yygwo1dl3th1,3fda9ead3a8c50f5,104857600,0/0
/large/6hyzklege801,bdf209bce5d7801,104857600,0/0
/large/nsilzlw2y19l,2b758acf030c0ce9,104857600,0/0
/large/e94vh31ou6ps,1a0942eeb695a980,104857600,0/0
/large/vu2eeaae97az,3a2695e3688be33b,104857600,0/0
/large/fwhj9x559dqw,1d0c329112f456d8,104857600,0/0
/large/90uis1qkh05,75359f5df7d115,104857600,0/0
/large/sci8et40tmon,33c7a613239bf817,104857600,0/0
/large/b5ocacf0zsh2,14617c50344856e6,104857600,0/0
/large/tqx7jygc94t9,3656843c6e0e2c9d,104857600,0/0
/large/9qyqp35k835q,11cec8dfcc3ef9fe,104857600,0/0
/large/bhffghzx7zsy,14fa243745c6ee02,104857600,0/0
/large/60zp7dje4b69,b02910333709b91,104857600,0/0
/large/i3tyg66g7nwd,2112d5331703bcbd,104857600,0/0
/large/8igcnxucpq63,f8c9ef26b69e4bb,104857600,0/0
/large/rfzdvdrtvin2,322130df7ad3891e,104857600,0/0
/large/4z05gtj9r6kl,91522fb8071ff05,104857600,0/0
/large/qeb8smmi4fv1,3037e082cbc8f34d,104857600,0/0
/large/l3bgjbspgxpa,26870056c037279e,104857600,0/0
/large/c7shb7frsto8,1650926eae4f4c38,104857600,0/0
/large/ffgsbk5qyxiw,1c2f1c0afe3e6c38,104857600,0/0
/large/4s35cczqaips,8bb4af8e2970340,104857600,0/0
/large/p3emfx432agj,2dd69990865de473,104857600,0/0
/large/fiyr0bvjknfu,1c5c8f13486832aa,104857600,0/0
/large/g3zlbz4ey8a0,1d6da3452c06ac68,104857600,0/0
/large/mlr7dq4hqqii,294a1a9a544529ba,104857600,0/0
/large/ks6fksjrop1v,25f64e3657e97bd3,104857600,0/0
/large/pqyei21kme6o,2f087d75d0ffc950,104857600,0/0
/large/jiutisjc7awf,23a99904d8ae2aef,104857600,0/0
/large/qc153u8bzapz,301a40d9d7afcc07,104857600,0/0
/large/kalmzm3gagrx,2511fc21ae698f6d,104857600,0/0
/large/5xmaol6qrx35,ad6c331f5c26241,104857600,0/0
/large/f7zw2tuh8gtu,1bce16a067764032,104857600,0/0
/large/sff4l9kuwwy7,33ed7eeff42feccf,104857600,0/0
/large/8b1da57al6d9,f2c4a3570d4a97d,104857600,0/0
/large/pdf1q8x0jp53,2e58a55acdf52a07,104857600,0/0
/large/ni6py2a9ugp4,2aef5bf9b91a6108,104857600,0/0
/large/4l1zxkzqk2ke,85ff3ecb8b78ffe,104857600,0/0
/large/mlhsdjb7awlp,2946b4c9d527a68d,104857600,0/0
/large/3k61o3ymgjbq,680cf5ae4f593d6,104857600,0/0
/large/qbyizs2y0ifv,30194f60bb6f875b,104857600,0/0
/large/fu0fanc8um55,1cec0b94f36a7399,104857600,0/0
/large/syuif92xjgri,34e9d7d4c938349e,104857600,0/0
/large/mpwk1ly63d1g,297ffdf6705482c4,104857600,0/0
/large/akqinbmz5kd4,13517efa67f68158,104857600,0/0
/large/7jf06gxa5x1p,dc5828f0226248d,104857600,0/0
/large/he2nq8c7x3p8,1fc4405506d4a7fc,104857600,0/0
/large/ryccoykylt0,16b1a25637b7ee4,104857600,0/0
/large/e29unp03fzj1,19b021e1c37a949d,104857600,0/0
/large/wgjjgr8ygzjv,3b4a88cd31d249fb,104857600,0/0
/large/6njuy87l92cb,c279ac4a412251b,104857600,0/0
/large/h90lurdya6rf,1f829080d3a026bb,104857600,0/0
/large/5fc8h70l24bp,9e9533ba9ff6765,104857600,0/0
/large/u1r9t5scq8s1,36e341a35ebdbaf1,104857600,0/0
/large/mzws5fdncwlf,2a01f7540c062b03,104857600,0/0
/large/uda4qzy9it5r,3778f179cceb851f,104857600,0/0
/large/ik3sv15i4yo2,21e636a772c6de82,104857600,0/0
/large/dii6arhv3jhf,18af598fa0a51863,104857600,0/0
/large/pqeyl3busey,14e4360e7f6925a,104857600,0/0
/large/35o3tyrb85hw,5c47cae6e2f64d4,104857600,0/0
/large/p03r5u18f550,2dabb5da92b493c4,104857600,0/0
/large/3lyr4aopgryb,698283889aeaa83,104857600,0/0
/large/dqmbslvzjjz2,1918c33046071ade,104857600,0/0
/large/qdivmazl7sws,302da464ee8b4f1c,104857600,0/0
/large/tjf1g32lgei5,35f50923d2495a6d,104857600,0/0
/large/56v5z754ezsc,97b4081405394ac,104857600,0/0
/large/ra6yqveftj5a,31d5fd786599dd2e,104857600,0/0
/large/r4gnw9t5pwna,318b8dc60aadba86,104857600,0/0
/large/gdczdifspte0,1de75f65ff0af908,104857600,0/0
/large/evkf2xiejsn5,1b2ca2693dc0fdc1,104857600,0/0
/large/tymz6ghoff5r,36babd1e7d38767f,104857600,0/0
/large/xv3ovopwl6oj,3ddb44e558e47913,104857600,0/0
/large/49cwni5vgzr6,7c8047a9af2ac02,104857600,0/0
/large/nbowtplc65z,12ef8dfb1bdb337,104857600,0/0
/large/3s8n6ad5vfd2,6e9a9528a93f886,104857600,0/0
/large/dkggphlpnr59,18c8b60b9c75662d,104857600,0/0
/large/5fmpy0qod61,46961a8bc212a9,104857600,0/0
/large/7ftz1z43ux8e,d96f42b5171e6be,104857600,0/0
/large/3xrp22cshut8,7317b6eed49a23c,104857600,0/0
/large/wrwbx7kc7bax,3bde080f212840f9,104857600,0/0
/large/k27av92hn19z,24a4e5d27140af37,104857600,0/0
/large/pgr33497zr0f,2e83f506e2a29e7f,104857600,0/0
/large/mxklhml5j30l,29e3974e131fcf05,104857600,0/0
/large/xt3kx0d95eu5,3dc14036affb175d,104857600,0/0
/large/se9u7oo18pix,33de9936ae5e7439,104857600,0/0
/large/26jzr47axzie,3fc60c1b52ef806,104857600,0/0
/large/ci5wbtk8fci3,16d74e513f12550b,104857600,0/0
/large/axqpsfgo70ug,13fa6da3db284808,104857600,0/0
/large/hr6hfegnx9v7,206e7df9dca10733,104857600,0/0
/large/m1zl31h19ifc,28495792da901a88,104857600,0/0
/large/vg11vp1ggsre,39703fcfbcf7f99a,104857600,0/0
/large/u45bjtycbm9w,37024dc612282984,104857600,0/0
/large/rdazby1tcgv0,31fe68372552a15c,104857600,0/0
/large/2pofxciojcwg,4f4c79aaa2e6810,104857600,0/0
/large/qk6vcwmofdhi,30843c1a43802206,104857600,0/0
/large/pueop2usj9rf,2f355547d85cec2b,104857600,0/0
/large/2n6f5w5fqcy8,4d44c816e68a710,104857600,0/0
/large/k1pavcyt51by,249e67338e711afe,104857600,0/0
/large/awjckk0xjk6c,13eac7e3a8ddede4,104857600,0/0
/large/c9527ro83na7,166219be934f709f,104857600,0/0
/large/w57x0v3yabph,3ab77558cd0e97c5,104857600,0/0
/large/rwp1mbrqq31o,32fa471ec0d067ec,104857600,0/0
/large/xdn2cb4tc30y,3cf873cfafc91752,104857600,0/0
/large/byae371dnk73,15d524399fa2c6ff,104857600,0/0
/large/xez5ihucp4t,1b20cd2ab002c3d,104857600,0/0
/large/kkfev4oriytz,2591a1a4c210dbd7,104857600,0/0
/large/vecj48ffj4w,197d84417cf9da0,104857600,0/0
/large/ks7er8z949oq,25f6a87992c15f0a,104857600,0/0
/large/uho2h39igdmo,37b1edd203ba2f00,104857600,0/0
/large/9dz7bibisy2a,1126172ff145d972,104857600,0/0
/large/2o8p9qlvp8cg,4e21c6e468cc980,104857600,0/0
/large/f2gapcoxn3ry,1b8612811d3093de,104857600,0/0
/large/7nzwoodnv9tg,e01025a68398e74,104857600,0/0
/large/9lujycsapv0p,118c53d14f10e349,104857600,0/0
/large/p6p1746j4how,2e0152e060fefd90,104857600,0/0
/large/9cuscf8p4n5z,11178209364a1747,104857600,0/0
/large/9iqh3gokfob2,1163e33dbd6fdcce,104857600,0/0
/large/f39kmkgbieeu,1b90a2a48d200476,104857600,0/0
/large/zjppxnf34r5q,40ee931b55fd917e,104857600,0/0
/large/f7fyssxfe34r,1bc6e63e9a9c5a5b,104857600,0/0
/large/g1mhsvyv1agt,1d4eeee96d90223d,104857600,0/0
/large/vkfixqhk86sg,39a96dc1ee072c60,104857600,0/0
/large/kgk62hdtja0s,255f63e3cd91da7c,104857600,0/0
/large/supuec22sd6x,34b433afe59afbc9,104857600,0/0
/large/ay1v2qbcj4pz,13fe7340fcad56a7,104857600,0/0
/large/vr4r7dlp7nza,3a0077b7abd83226,104857600,0/0
/large/1zvzhcgsp034,3a5c7ae9eefa8b0,104857600,0/0
/large/optk2albrmwl,2d2623642ac82bb5,104857600,0/0
/large/e4xsihwygajt,19d2bfbb30980b69,104857600,0/0
/large/3a4mcok5xov2,5fe671e4687711e,104857600,0/0
/large/v4xjq8ip2nts,38e01a4f3d642620,104857600,0/0
/large/hdcauv6jey5l,1fbabdbba209df69,104857600,0/0
/large/js2batn3xw15,24213485f9300f69,104857600,0/0
/large/1dbwl0qpsg2f,280c53bd540e157,104857600,0/0
/large/333zviudvdq5,5a340a6a51a9c3d,104857600,0/0
/large/3b0doidjl20j,609dca729d26473,104857600,0/0
/large/15itxo3l0y42,21b5af633ef8db2,104857600,0/0
/large/oqguy0tk29am,2d2e8bc7b189438e,104857600,0/0
/large/4k2be74r6hnn,853141365d719e3,104857600,0/0
/large/mv8izllb59t9,29c541f4c7fe2fed,104857600,0/0
/large/hxs61n330uqj,20c44069d2ec1a9b,104857600,0/0
/large/7lh2vpmb7k56,de03cbd38f1b4ba,104857600,0/0
/large/y20hpj7xng4b,3e350a30736c5e5b,104857600,0/0
/large/2fogatgy45n8,472e3ff3847e794,104857600,0/0
/large/xi9vw0enoqbw,3d34a4c0611f0a4c,104857600,0/0
/large/53gmysouundk,94f0acd00464fd8,104857600,0/0
/large/fj016yq3zcpk,1c5d059303e15618,104857600,0/0
/large/6nn3ck45wyjj,c28c56ba6496bdf,104857600,0/0
/large/59s2u520uc49,9a11b1ccd53b0d9,104857600,0/0
/large/tq50njwogeoc,364c58389781364c,104857600,0/0
/large/k3dm1vgcgnnj,24b429fbda84d7bf,104857600,0/0
/large/cloeoszaqgyl,1704f3d34f314e5d,104857600,0/0
/large/1de73o1v7ozi,28198f5040ddd3e,104857600,0/0
/large/iicpbdp1hspl,21cf725b5b29e099,104857600,0/0
/large/yjos1tsik8nv,3f1a9eecef74badb,104857600,0/0
/large/t1qyu6qvmang,350f883ed3fee66c,104857600,0/0
/large/h9mpf9xoin4g,1f8a89c39a61d190,104857600,0/0
/large/ce6ai77kzsnz,16a37daa84707bdf,104857600,0/0
/large/ib37spazgd0l,2171194bc9f1a0e5,104857600,0/0
/large/tedlys13eic6,35b392c48da51b56,104857600,0/0
/large/zl1bk6fcp13a,40ffbfe6b92b59c6,104857600,0/0
/large/xbor9hkrw06f,3cdf159c0f8ae3e7,104857600,0/0
/large/v61kwihrf5hr,38ee8c0d6992c88f,104857600,0/0
/large/ow5fa0x8534l,2d785b129af14b15,104857600,0/0
/large/ciic53m7jam,a28cc234096f6e,104857600,0/0
/large/ce9zkg7tsi5f,16a4d313678b03e3,104857600,0/0
/large/utdlcaqwl6rh,384a054242527d7d,104857600,0/0
/large/p8dhr8gm31yc,2e1723751e2e82a4,104857600,0/0
/large/5lfhyqpc4m7k,a3870388839f970,104857600,0/0
/large/hnr3buq7vskw,2041f88221ae5170,104857600,0/0
/large/qgvbodj5tvex,305919c893406549,104857600,0/0
/large/hnpod6ozv99b,204175bf8f26439f,104857600,0/0
/large/ajvz699extgf,134679f6f2cab55f,104857600,0/0
/large/6ihknvywhx51,be5d55a6afd5a05,104857600,0/0
/large/b0gkzccz9k45,141dbd6444330115,104857600,0/0
/large/r905m76kr8rp,31c68b43699bc125,104857600,0/0
/large/xcyzsnfsyfpa,3cefc470d91a2bfe,104857600,0/0
/large/hss6boj7vgq0,20834ed866303968,104857600,0/0
/large/xmwapp6eoub,1b4e8712f5d4f43,104857600,0/0
/large/574vn4ni1vew,97ec1ab55c66348,104857600,0/0
/large/1gnwdylu0730,2ac10eb70f5d5dc,104857600,0/0
/large/fe2tiljg76ve,1c1d14b2bfab2a8a,104857600,0/0
/large/po806weuxei8,2ee4fca805851db0,104857600,0/0
/large/32wi6tw2hxr5,5a08cb1eb60d721,104857600,0/0
/large/axpgeazuqbnw,13f9f92c50fa278c,104857600,0/0
/large/8icxza8uoocx,f8b6429fbf1ef51,104857600,0/0
/large/ilat6tb8mvj7,21f5bb5408f1ad23,104857600,0/0
/large/21zk8018dmdd,3c10c8405f35e81,104857600,0/0
/large/cj32ukprirj8,16e3473362f21ae4,104857600,0/0
/large/43xb65tfkrdi,781718dd9a39a96,104857600,0/0
/large/avecslttkszd,13dbfd5d76e9f0b9,104857600,0/0
/large/ykni48upq8rp,3f2726541ab21fe5,104857600,0/0
/large/7uvs30bifwix,e5a71deac307069,104857600,0/0
/large/nww9yn5eu55v,2bae6e21fcb967a3,104857600,0/0
/large/ccjvir0pgq02,168e69dc479ed0a2,104857600,0/0
/large/1ek94h6npttq,290c59cce61c23e,104857600,0/0
/large/fohlxuvh0p5i,1ca44f59b7712c56,104857600,0/0
/large/q0jys3jr3qjb,2f852c89078b0017,104857600,0/0
/large/aim1ejgww83u,1335e6bf5844010a,104857600,0/0
/large/t1m9e8fhdjab,350dd57da69defe3,104857600,0/0
/large/qwwocibob72j,31296ac4d3063c8b,104857600,0/0
/large/7ds76p7ww22t,d7c55c845aa7e85,104857600,0/0
/large/6zobz2xzcw1n,cc517004435343b,104857600,0/0
/large/hk973q6iek1r,20148bcb3204e6ff,104857600,0/0
/large/r65ia8x6cdh7,31a181d6759eb93b,104857600,0/0
/large/cgh8in7l6id,a1d132b4595735,104857600,0/0
/large/48t3kxw6zbiu,7c0dee4535c7b16,104857600,0/0
/large/p91fqq5sxqtn,2e1fc720a4a7f60b,104857600,0/0
/large/mfrmd2w022y8,28fc5180d3ef5b70,104857600,0/0
/large/lqvghau5obtf,27b8f876cd358ed3,104857600,0/0
/large/zc2l1jdaxow5,408b4d49ca1c0a45,104857600,0/0
/large/qq2zscbtryvw,30d0c588862ef25c,104857600,0/0
/large/hsd3hm66b4cq,207dde0c1a0628ca,104857600,0/0
/large/11m16trmr271,1e88da71719b5dd,104857600,0/0
/large/eeujnj587itd,1a537875e4688701,104857600,0/0
/large/db1tod9kxc3h,184e867c8a82e37d,104857600,0/0
/large/b09hz116h87r,141b2f181cb77dd7,104857600,0/0
/large/uh44x4mtu26f,37aabcbaeb0d3b87,104857600,0/0
/large/81rj8opzf1r0,eb3d681ae303d9c,104857600,0/0
/large/u21x13tgmeks,36e718e6606f074c,104857600,0/0
/large/td5dw35sf4k4,35a39dd8d8f3c4d4,104857600,0/0
/large/jebccfo5tq5c,236e9cec88e99ea0,104857600,0/0
/large/8cz8e92za2p7,f457f731750872b,104857600,0/0
/large/6wwyrbfx9uyx,ca13ca2f0acd209,104857600,0/0
/large/cmcqe7ih2ytq,170dbab28ba045ce,104857600,0/0
/large/aam5yhb681vt,12ce0860bdf61d89,104857600,0/0
/large/6z2ama9g67w3,cbd236c00206173,104857600,0/0
/large/qx76cv3qofvz,312d34a9231b9c6f,104857600,0/0
/large/eztem6do9lbg,1b63d58ee22e202c,104857600,0/0
/large/p54jaogjud1,14694e5dd64f075,104857600,0/0
/large/8d37al4w062,6ca30ee6ce20da,104857600,0/0
/large/v6lh3u2gb25v,38f5b9ad093ad7b3,104857600,0/0
/large/lu2pp7y8945f,27e28e77ee0bfd43,104857600,0/0
/large/u76bwqpj848y,3729a2d50ec95e82,104857600,0/0
/large/50xecuk98wyb,92e1f333e42b1d3,104857600,0/0
/large/f8i0qi06m85r,1bd4a134857338cf,104857600,0/0
/large/ckwvv5gpnlaj,16fb0595d77fd48b,104857600,0/0
/large/hbc4ouvoxb2y,1fa0b36584168a5a,104857600,0/0
/large/68naj1grycs,510e3ff17c4aac,104857600,0/0
/large/han4y6gf0li,e0a869a26cb8c6,104857600,0/0
/large/py3jvy9vydjr,2f6545eaf58b9c17,104857600,0/0
/large/6yr8lziobfwc,cb92637e71d353c,104857600,0/0
/large/o9wuquo44b5a,2c577fcbe38d556e,104857600,0/0
/large/twqcv4u624ji,36a1fad30494817e,104857600,0/0
/large/g3ebpe0iph4a,1d65f6d5d4f994ea,104857600,0/0
/large/28d8q0s2k8qy,413ebb4d99a1b4a,104857600,0/0
/large/da6io2hnesyc,18433ad3753b0514,104857600,0/0
/large/h2trvi85ypvm,1f3229d53f15dc82,104857600,0/0
/large/wbdez73aqgbj,3b0760cb34913b1f,104857600,0/0
/large/2glmjhm45h0i,47edc2960ed5162,104857600,0/0
/large/murad2t091fy,29bf09908a08638e,104857600,0/0
/large/fuk2fpcr716b,1cf321f3ab98fcb3,104857600,0/0
/large/5ylk2rjdyuj2,ae37c2fa32b580e,104857600,0/0
/large/x767xc5gcbie,3ca47056a2920946,104857600,0/0
/large/8l64qswdw7yc,fafe6b6645cdd44,104857600,0/0
/large/7fks6ig0np4h,d93a337c7fbbef1,104857600,0/0
/large/ionuoyjg06jb,222167bea0247d17,104857600,0/0
/large/s91b6idlmkdb,339a93267f28399f,104857600,0/0
/large/im914guv4gdn,22021435240be2eb,104857600,0/0
/large/9erc8ow7y9i6,11303e204df3cb9e,104857600,0/0
/large/ug0ayd3apl4r,379c5d7bb124bd3b,104857600,0/0
/large/c7l30j9u1ena,164de72c50c6d266,104857600,0/0
/large/qfjx8cvwobfs,3047ff69da630be8,104857600,0/0
/large/5v7ouoll3nyx,ab7838370054519,104857600,0/0
/large/mazr4xip7sjo,28be4e69e466dd44,104857600,0/0
/large/b09at868de6,8ef9afc9c12bce,104857600,0/0
/large/hocm3p5066tr,2049bc68fb52ec0f,104857600,0/0
/large/ttmfmjy887yx,367998aabd9b5a59,104857600,0/0
/large/9qso1rd4djqp,11cc97dedf376d31,104857600,0/0
/large/59k7yds561k7,99e454c400db267,104857600,0/0
/large/frj6dib91itk,1ccbd7eb88e72a88,104857600,0/0
/large/38iqdysbzrt3,5e9841d6728b287,104857600,0/0
/large/gdrcinta8ri2,1dec8e46a8fe0b3a,104857600,0/0
/large/ug313jke5b9y,379d594c9a755656,104857600,0/0
/large/kzhbuzbv4za,110967c9bc221f6,104857600,0/0
/large/l7h9kjc83tb5,26bd0db371f79f21,104857600,0/0
/large/hpwdwi6yplbb,205ddbfe23ed9227,104857600,0/0
/large/d9haj1ynxxpu,183a20bc7beb37f2,104857600,0/0
/large/637vv0pj8c9z,b1f7f8d3e7ba727,104857600,0/0
/large/8gdk7dmuif20,f71a2acb807a2b8,104857600,0/0
/large/69om1kp1kq4d,b7378295e13e63d,104857600,0/0
/large/b1mjgjsx4iyh,142ce0f3e00819f9,104857600,0/0
/large/852ux2et9xe1,edee449e6bda649,104857600,0/0
/large/3f3ird9cednu,63ef3d136801caa,104857600,0/0
/large/clvrf4t8bow,a3c44eb68d6a30,104857600,0/0
/large/gi1u0dz8xowc,1e244bddfb9f404c,104857600,0/0
/large/wxnd5436xwbu,3c28bb6a146e53ea,104857600,0/0
/large/3at51rcm159a,6073fed723246de,104857600,0/0
/large/zpwbfalbo6ru,413ee3fedef1f74a,104857600,0/0
/large/pvxiqgfx12jy,2f491e3cc947a02e,104857600,0/0
/large/jqu2fc6pqao7,24113d8ce747c987,104857600,0/0
/large/rqxrurl81i6f,32af7dd66b8ebe47,104857600,0/0
/large/7t28nun1qq47,e42cc1a944d03b7,104857600,0/0
/large/eeqhgm21bv28,1a52015ce2ffbb00,104857600,0/0
/large/oq8zbrubp5z9,2d2bb413c8a17d85,104857600,0/0
/large/dj22j3pmuroi,18b68741d259b1a2,104857600,0/0
/large/48qkesct78r8,7bff4f787755514,104857600,0/0
/large/7iw9j4j4qvu7,dbebf8e5b17d3af,104857600,0/0
/large/wdvxslnp3029,3b280a3726efe811,104857600,0/0
/large/g06miqspjgk8,1d3c37de82eea398,104857600,0/0
/large/tlqcq0z04nnb,361318a2e0fe3cb7,104857600,0/0
/large/3ozmroc81l9n,6bf7132572a19eb,104857600,0/0
/large/q3lv0vknured,2facd3678b1e1d35,104857600,0/0
/large/svzcamoui8fl,34c49e2d978f1931,104857600,0/0
/large/e759ocppnrg8,19ef6cdba86367b8,104857600,0/0
/large/aekprvi85vhu,1301778362cd6eb2,104857600,0/0
/large/n4p9iqxx23nd,2a40333bd91383f9,104857600,0/0
/large/hct8r2yplyk0,1fb3dd55c8250330,104857600,0/0
/large/ef93sz3zba4y,1a58b951cf3e2712,104857600,0/0
/large/tt8wvo6pkzb4,3674b7c79c52c0c0,104857600,0/0
/large/lbs0ujhmjiv7,26f4e46645a05043,104857600,0/0
/large/5gkm7gsdylke,9f956a9d0fa7eae,104857600,0/0
/large/9af0vpc72unm,10f7d787f4836eb2,104857600,0/0
/large/h6ki72aysdhd,1f62c6b62d19dd41,104857600,0/0
/large/9vx2gmctp4a8,120f209b7bde2ef0,104857600,0/0
/large/ct56tq1zuucr,1765eeb4fad07c2b,104857600,0/0
/large/ifs0k08jd8ck,21ae00f2e0827e84,104857600,0/0
/large/yl3f4w5x9y71,3f2ce491b7c00a5d,104857600,0/0
/large/wabkgz88pyyn,3af9b8e594f7d53f,104857600,0/0
/large/nyeq0vlcsvw,1372b336935ae3c,104857600,0/0
/large/ae2c5cg087d8,12fad5ec87b0174c,104857600,0/0
/large/d5gtm7lsfz8h,18060050e5086021,104857600,0/0
/large/saqn8wqvvbu2,33b0b492d5d874aa,104857600,0/0
/large/zfa97o24lvlj,40b509a6e1099f37,104857600,0/0
/large/rwssq4m5e73p,32fba1c59f2f1875,104857600,0/0
/large/8ge6x9i65a1r,f71dcf78258e01f,104857600,0/0
/large/stjna1qf64hq,34a4f9f473fa033e,104857600,0/0
/large/bw9to3gddzmg,15baf551dc759298,104857600,0/0
/large/36wxjr2k2xt0,5d4a9212fde63a4,104857600,0/0
/large/yfiqp66064x5,3ee47c38a964d669,104857600,0/0
/large/lai6pujnaht9,26e45a8544d53bad,104857600,0/0
/large/a4nzw28eu9fd,1280c201c4769939,104857600,0/0
/large/ude5nhf8a1lf,377a654398189a93,104857600,0/0
/large/p3w34ojygjbd,2ddce6a45f02d3c9,104857600,0/0
/large/n7k2zgqk019y,2a654c64c88b0276,104857600,0/0
/large/tzjfguqwblu2,36c672b24423eb4a,104857600,0/0
/large/l57bwvz966qr,269f7d8455516ca3,104857600,0/0
/large/4rs5ak74lubu,8b752cb13314cca,104857600,0/0
/large/5w7bbsp3td86,ac45e11a3f54f36,104857600,0/0
/large/3dy8jr0q09bl,6300e84bd9ff931,104857600,0/0
/large/r7ndwq7jd6q,161788387241882,104857600,0/0
/large/n62fspdcte,85c09c1249b22,104857600,0/0
/large/o3mtrwm37mjj,2c05f2153d9428df,104857600,0/0
/large/vliswqcc3tgj,39b799b48d5993e3,104857600,0/0
/large/1hszx73vf81p,2bae51602f7f17d,104857600,0/0
/large/c9ywe84ln474,166cdddb722d3a00,104857600,0/0
/large/wiw0c45x2hhb,3b6903057e5bf9ff,104857600,0/0
/large/dblobu514pow,1855b021190ed010,104857600,0/0
/large/k6sc34dqxzc1,24e071b56f7fdf21,104857600,0/0
/large/tvoxu8n5vyp4,36947aa61870a268,104857600,0/0
/large/2xsftp2wmvxa,55e22dee99e831e,104857600,0/0
/large/44q8hyqsemgh,78be160859f0d31,104857600,0/0
/large/o4d1z6q0la4v,2c0f68b3d4f5ee8f,104857600,0/0
/large/i3v8vwuapv0y,21134c58f711ab52,104857600,0/0
/large/5xnqpv9gfdrj,ad748b50911f76f,104857600,0/0
/large/k7xcgxgbea76,24ef3dca6f736622,104857600,0/0
/large/36dx4yugj22e,5cdcd144ff4f936,104857600,0/0
/large/omcc1ah1tl1l,2cf8f4c35fe474c9,104857600,0/0
/large/1aj8thmkhvls,25c736f2ac8b640,104857600,0/0
/large/n16574avwy69,2a12556002395c01,104857600,0/0
/large/dkrr7p6koa48,18ccc90d40950538,104857600,0/0
/large/897gd9snfvqb,f1481d333df8563,104857600,0/0
/large/humhbrugvyhj,209b3b61270c7857,104857600,0/0
/large/u3ma61zi5lxy,36fb6f3abb3c4c56,104857600,0/0
/large/ss767pbaa6rk,34937c7e68aae6c0,104857600,0/0
/large/825scmg3v06c,eb8fb08dbd395a4,104857600,0/0
/large/m8u4o687ods5,28a24c6ad62642c5,104857600,0/0
/large/31mlyxlmj9kv,58ffd74c653913f,104857600,0/0
/large/eg54pdqoed67,1a644769b9c60a2f,104857600,0/0
/large/wrjeldq4264m,3bd95e2050f5c786,104857600,0/0
/large/1l80z0lehbk5,2e74913433556c5,104857600,0/0
/large/m611wku73oya,287dd42067cf8012,104857600,0/0
/large/msic2keblkq0,29a1d41e8f1bff28,104857600,0/0
/large/7d31aneoy9ok,d7341768a0a6584,104857600,0/0
/large/dyq1863pvkc3,19820399d11c7db3,104857600,0/0
/large/yd5w0j78d7xb,3ec5de8f37631d5f,104857600,0/0
/large/fwsdmtzbwi76,1d101c249710cb22,104857600,0/0
/large/x1axk8wl7sl,1ad1de3e669dab5,104857600,0/0
/large/gzsjnjuau5ou,1f0ac099ef4dea4e,104857600,0/0
/large/qocmhebldjqu,30ba449128440636,104857600,0/0
/large/rtmciuzer4ss,32d25638c756eb0c,104857600,0/0
/large/bf53ysoxihkg,14dc7088e06b8a70,104857600,0/0
/large/d5fhtbta9w73,180585aa62ebd93f,104857600,0/0
/large/up2y5efh7hbp,3812390b798cc075,104857600,0/0
/large/q1f0zvebdzop,2f9061a2eaca88e9,104857600,0/0
/large/cnp2imwfad15,171f2b7a615e2f79,104857600,0/0
/large/1fi0s1ldhoc2,29cf4b869cf4672,104857600,0/0
/large/s5zd4mk5qwtk,3372e7a419157da8,104857600,0/0
/large/2wq3mnpdf5gn,5504d9624a0ea67,104857600,0/0
/large/qwp9rd7rev2i,3126bec36a6a9bca,104857600,0/0
/large/wyexljqqh9vc,3c32add80d3dbe38,104857600,0/0
/large/6k7wu9ef7jyz,bfc536d8899d7db,104857600,0/0
/large/1f7t0oh4zyrl,29945208c3782c1,104857600,0/0
/large/rd1ju11nwi5x,31fb01233350cef5,104857600,0/0
/large/5rot6k7y58z6,a89bbdb3a755ab2,104857600,0/0
/large/orrwraqwsyjg,2d3f85bd6180c5dc,104857600,0/0
/large/sa5479wa1zvs,33a8eff95c7985e8,104857600,0/0
/large/2ksuk4gbgx5t,4b56c56767776e1,104857600,0/0
/large/lwapwxcoaa52,27ff6c7a211829d6,104857600,0/0
/large/j70cj92zq7jd,230fb88fe23b43a9,104857600,0/0
/large/gb94wumqkkxx,1dcc019e8516f905,104857600,0/0
/large/qd758ebcjdqb,302968a458dc4443,104857600,0/0
/large/oi772le91phi,2cc32528b5a8a846,104857600,0/0
/large/b8zrschiw029,148c93e76973be51,104857600,0/0
/large/9lbxfhkanval,11859b65b458e82d,104857600,0/0
/large/8vxuib1qhse6,103bcb53c349d7fe,104857600,0/0
/large/icqh5gc3vptp,21867b05f024677d,104857600,0/0
/large/9augzfonhcgc,10fd6a5f8c95e04c,104857600,0/0
/large/b2txmngpc0c0,143c892496cc75b0,104857600,0/0
/large/vwwaq5uuekmt,3a4b5a084b4245f5,104857600,0/0
/large/qm8t5gid5dar,309ee9b0add5c793,104857600,0/0
/large/ocqs7abyrlci,2c7c46d4c82e72d2,104857600,0/0
/large/kk10vbv1dizj,258c7094d7608e5f,104857600,0/0
/large/2legedpyqedb,4bd381bdb47813f,104857600,0/0
/large/voq93rgal2bm,39e1419b58abf902,104857600,0/0
/large/fcz7117ivds2,1c0ec8a33cee7582,104857600,0/0
/large/pvdfvzk4pd0h,2f41df91c7695221,104857600,0/0
/large/5z3vuen3v6s6,aea190216813316,104857600,0/0
/large/xzw90gmm25m6,3e1987e3bea976ee,104857600,0/0
/large/f13m6cih1hkp,1b7481e536908839,104857600,0/0
/large/dstgcyy4ai47,19354ffe80e6e637,104857600,0/0
/large/tbg43dyek3vh,358d823f2781769d,104857600,0/0
/large/aj3j2i7dalnz,133c36557ba9d52f,104857600,0/0
/large/ze8mfk8gbjvm,40a7759392c06962,104857600,0/0
/large/hrwyko5vozsv,20780b8b5289fe3f,104857600,0/0
/large/z5nk66t3lud5,4037f1fd6bf0e3f9,104857600,0/0
/large/uok5o1qfbmi3,380b715675e76dab,104857600,0/0
/large/y9prs2i09qe4,3e991607ef2295dc,104857600,0/0
/large/d8doy7lekdfa,182bd701fd8eb2f6,104857600,0/0
/large/uf1ukwrs2qy4,378feef3978fdcec,104857600,0/0
/large/sp2h3m2i8731,346ad2d083378fdd,104857600,0/0
/large/sp5j3txswunr,346bed10fe2ab337,104857600,0/0
/large/83f3chnqlsmp,ec953d1d5b8aa31,104857600,0/0
/large/wqmyb0z3rn09,3bcda88d4d6bbc39,104857600,0/0
/large/rfe5zz3my78a,321988f0df8b0b1a,104857600,0/0
/large/av96j7xv78ew,13da1f75d200f958,104857600,0/0
/large/nralnui9tjol,2b65a9c48c63d9e5,104857600,0/0
/large/oh84qdg2nh4i,2cb67e4499688872,104857600,0/0
/large/d1475f6hk19k,17cd7d39ed91fc68,104857600,0/0
/large/z1mwnjcl914o,4003c09ee18e42f8,104857600,0/0
/large/oah14dkbjj02,2c5ec7851aae71f2,104857600,0/0
/large/ahaem6noblzf,1324b6f8c86df80b,104857600,0/0
/large/8pc8d0tky5oz,fe60f3ad82eb953,104857600,0/0
/large/ifl5nwe85ejy,21ab877a39c898ee,104857600,0/0
/large/hlpb0ka6ua6r,202758fae085fd13,104857600,0/0
/large/u7oj3xefb61h,373033eeea5c2a55,104857600,0/0
/large/f7apr01cv8yw,1bc5012ecc462f28,104857600,0/0
/large/hm1y3w6g6zej,202be8a63921a0bb,104857600,0/0
/large/uuwpt13vme2h,385de8f7c41fabb9,104857600,0/0
/large/64mgbbe2caq1,b31be70e85b6b49,104857600,0/0
/large/kzjmvdyc2rp2,2655fe831acedcb6,104857600,0/0
/large/mdo33l45q8hf,28e1107560b77273,104857600,0/0
/large/gvur9m5af8g,db5270aaf3f8a0,104857600,0/0
/large/fd01b032u28f,1c0f1652597654cf,104857600,0/0
/large/6ooat8486mzo,c3632319f4c11e4,104857600,0/0
/large/bus8hoszfuq6,15a79f76fdb9fc4e,104857600,0/0
/large/655cp1908x13,b389026f9796d37,104857600,0/0
/large/7vled9zo7nt6,e63b04147c3c84a,104857600,0/0
/large/i74pvey1as2l,213daf03c9e0b59d,104857600,0/0
/large/nif1yfm8fkz5,2af25dbcbb15a7f1,104857600,0/0
/large/56d042sh0cnk,974b2d45e090110,104857600,0/0
