/spttest/jh5z2ihx633s,2393a4ca66299a38,1024,0/0
/spttest/cohol5f38gvr,17297e6a51551677,1024,0/0
/spttest/vqu2kjnj19x1,39fc9cd43571c775,1024,0/0
/spttest/w2hlfr53wjke,3a93fb87ea6eb20e,1024,0/0
/spttest/mnt4rpi6kspk,2964c726eaa96c58,1024,0/0
/spttest/c43sq22t99xl,1620b2bcf9fbbf89,1024,0/0
/spttest/df9df9t1h2r4,188534c22d28ad30,1024,0/0
/spttest/anv9c7a90h30,137a2cb4732ad77c,1024,0/0
/spttest/r2obks1skms6,31745698f6c4b056,1024,0/0
/spttest/mgzkoosgk0jq,290c2d66d4d1bfc6,1024,0/0
/spttest/wfjln034cf15,3b3d911f1b280719,1024,0/0
/spttest/kfb6pq2djkxb,254f28f9b2ae45af,1024,0/0
/spttest/h76ns1hh33hh,1f6ac5231067d965,1024,0/0
/spttest/lhqeb3fp2gb8,27423dbd09e20414,1024,0/0
/spttest/qkvkrtc456v6,308d2625c7ef7602,1024,0/0
/spttest/6azc96sewvjy,b84545a91cac5be,1024,0/0
/spttest/hors16gmdc9z,204f35261ee83567,1024,0/0
/spttest/rxq4bxdngsfd,3307a7b384dd8ee9,1024,0/0
/spttest/3qopxvrkyvqt,6d57bcc934ae535,1024,0/0
/spttest/o7k209zjtlaf,2c38e720ca9a0007,1024,0/0
/spttest/4myyipaoyud7,878d5b5039d5e3b,1024,0/0
/spttest/e806vxf209xw,19fa951db853e054,1024,0/0
/spttest/pwujcohcfya2,2f5507f92d234b4a,1024,0/0
/spttest/9m6l4d20rtdk,1190ab3b0042e578,1024,0/0
/spttest/sbqcc3h6p8kt,33bd95d574fcd1ad,1024,0/0
/spttest/m6m0ya355t1k,2885656a47475348,1024,0/0
/spttest/lazoj487aruw,26eaaa7c2eef3288,1024,0/0
/spttest/gqokaxmpnx2w,1e94697bfc3f6838,1024,0/0
