/spttest/knxjayvhma6o,25bf236f22730a10,1024,0/0
/spttest/retzyovwkxnj,321242170101e35f,1024,0/0
/spttest/idgm9q61r5bh,218fe9bb212aacad,1024,0/0
/spttest/xzbrm83mykl6,3e1223e44a055eba,1024,0/0
/spttest/p40koia5r283,2dde85257a76f103,1024,0/0
/spttest/tvq3enddv0og,3694e54cf22a8630,1024,0/0
/spttest/mob0kc2nsz4z,296b3afde3751fe3,1024,0/0
/spttest/gnolbe19k7gc,1e6d744ff8b44fbc,1024,0/0
/spttest/9gvf25vrcsik,114bb1583e59c25c,1024,0/0
/spttest/hco5e512uga8,1fb206dfc36b63f0,1024,0/0
/spttest/f4lw3gq8lcrs,1ba211bf0d30a3e8,1024,0/0
/spttest/xkgofywgqdy2,3d5112bd233f391a,1024,0/0
/spttest/cvpdyjwa2tdf,178732e3d1ca7b33,1024,0/0
/spttest/s9qcxjuhldoz,33a39cd976fa9193,1024,0/0
/spttest/33mw8iuhx6o6,5aa124f9b73a906,1024,0/0
/spttest/y9g5vd4p3lfb,3e959e8121206837,1024,0/0
/spttest/vybmhzt3pizj,3a5ddf0520c7135f,1024,0/0
/spttest/hpk93hxut9ky,20597b3e4938a7c2,1024,0/0
/spttest/6gzgfckj7d96,bd24e98ac7781da,1024,0/0
/spttest/adz3bc21dbjb,12f9aa276dd8e4a7,1024,0/0
/spttest/spefq5yb97jj,346f23b58d4f116f,1024,0/0
/spttest/egxcz7n3tpw8,1a6e76f36112f758,1024,0/0
/spttest/uaijib0aev0g,37550284cc5c0e80,1024,0/0
/spttest/tr4mjvzormli,3659314baf56df26,1024,0/0
/spttest/ovtjvlfcbzw5,2d74127446b8c275,1024,0/0
/spttest/esg2o75iybog,1b0419541afc65a0,1024,0/0
/spttest/vsukanpfa5sz,3a16c4d263469ee3,1024,0/0
/spttest/mjunfi4yisl7,29315e5f9713333b,1024,0/0
/spttest/dayvxlxwou5p,184d772c050e82ad,1024,0/0
/spttest/egwxtvxgruen,1a6e50159a4e36af,1024,0/0
/spttest/9x3zq2xuzmjw,121e9d6b30b8feec,1024,0/0
/spttest/hc3bjz5yskt2,1faa82f3a355de56,1024,0/0
/spttest/myrrsnzb7u17,29f32b5224045acb,1024,0/0
